<soap:Envelope xmlns:soap="http://www.w3.org/2003/05/soap-envelope" xmlns:emp="https://services.ird.govt.nz/GWS/Employment/" xmlns:cre="https://services.ird.govt.nz/GWS/Employment/:types/CreateRequest" xmlns:emp1="urn:www.ird.govt.nz/GWS:types/Employment" xmlns:com="urn:www.ird.govt.nz/GWS:types/Common.v1">
    <soap:Header xmlns:wsa="http://www.w3.org/2005/08/addressing">
        <wsa:Action>https://services.ird.govt.nz/GWS/Employment/Employment/Create</wsa:Action>
    </soap:Header>
    <soap:Body>
        <emp:Create>
            <emp:CreateRequestMsg>
                <cre:CreateRequestWrapper>
                    <emp1:createRequest>
                        <emp1:header>
                            <com:softwareProviderData>
                                <com:softwareProvider>SoftwareProvider</com:softwareProvider>
                                <com:softwarePlatform>SoftwarePlatform</com:softwarePlatform>
                                <com:softwareRelease>1.0</com:softwareRelease>
                            </com:softwareProviderData>
                            <com:identifier IdentifierValueType="ACCIRD">123068858</com:identifier>
                            <com:accountType>PSO</com:accountType>
                        </emp1:header>
                        <emp1:createBody>
                            <emp1:employeeIRD>123123123</emp1:employeeIRD>
                            <emp1:employeeName>
                                <!--Optional:-->
                                <emp1:nameTitle>title</emp1:nameTitle>
                                <emp1:nameFirst>firstName</emp1:nameFirst>
                                <!--Optional:-->
                                <emp1:nameSurname>surname</emp1:nameSurname>
                                <!--Optional:-->
                                <emp1:nameMiddle>middleName</emp1:nameMiddle>
                            </emp1:employeeName>
                            <emp1:employeeNameOnEILine>MyNameIsEmployee</emp1:employeeNameOnEILine>
                            <emp1:taxCodes>
                                <!--1 to 4 repetitions:-->
                                <emp1:taxCode>M</emp1:taxCode>
                            </emp1:taxCodes>
                            <!--Optional:-->
                            <emp1:employmentStartDate>2005-07-20</emp1:employmentStartDate>
                            <!--Optional:-->
                            <emp1:employmentFinishDate>2018-07-20</emp1:employmentFinishDate>
                            <!--Optional:-->
                            <emp1:employeeDateOfBirth>1990-07-28</emp1:employeeDateOfBirth>
                            <!--Optional:-->
                            <emp1:employeeAddress>
                                <!--You have a CHOICE of the next 2 items at this level-->
                                <com:nzPostAddress>
                                    <com:streetAddress>
                                        <com:streetNumber>12</com:streetNumber>
                                        <com:streetName>Super</com:streetName>
                                    </com:streetAddress>
                                    <!--Optional:-->
                                    <com:unit>
                                        <com:type>Unit</com:type>
                                        <com:number>10</com:number>
                                    </com:unit>
                                    <com:townCity>Woburn</com:townCity>
                                    <com:postCode>5011</com:postCode>
                                    <com:country>NZL</com:country>
                                </com:nzPostAddress>
                            </emp1:employeeAddress>
                            <!--Optional:-->
                            <emp1:employeeEmailAddress>a@b.com</emp1:employeeEmailAddress>
                            <!--Optional:-->
                            <emp1:employeeMobilePhoneNumber>
                                <com:phoneType>CELL</com:phoneType>
                                <com:country>064</com:country>
                                <com:areaCode>021</com:areaCode>
                                <com:number>12345678</com:number>
                                <!--Optional:-->
                                <com:extension>221</com:extension>
                            </emp1:employeeMobilePhoneNumber>
                            <!--Optional:-->
                            <emp1:employeeDayPhoneNumber>
                                <com:phoneType>CELL</com:phoneType>
                                <com:country>064</com:country>
                                <com:areaCode>021</com:areaCode>
                                <com:number>12345679</com:number>
                                <!--Optional:-->
                                <com:extension>222</com:extension>
                            </emp1:employeeDayPhoneNumber>
                            <emp1:kiwiSaverStatus>AK</emp1:kiwiSaverStatus>
                            <!--Optional:-->
                            <emp1:employeeKiwiSaverEligibility>EE</emp1:employeeKiwiSaverEligibility>
                        </emp1:createBody>
                    </emp1:createRequest>
                </cre:CreateRequestWrapper>
            </emp:CreateRequestMsg>
        </emp:Create>
    </soap:Body>
</soap:Envelope>
