<s:Envelope xmlns:s="http://www.w3.org/2003/05/soap-envelope" xmlns:a="http://www.w3.org/2005/08/addressing">
   <s:Header>
      <a:Action s:mustUnderstand="1">https://services.ird.govt.nz/GWS/Employment/Employment/RetrieveListResponse</a:Action>
   </s:Header>
   <s:Body>
      <RetrieveListResponse xmlns="https://services.ird.govt.nz/GWS/Employment/">
         <RetrieveListResult xmlns:b="https://services.ird.govt.nz/GWS/Employment/:types/RetrieveListResponse" xmlns:i="http://www.w3.org/2001/XMLSchema-instance">
            <b:RetrieveListResponseWrapper>
               <retrieveListResponse xmlns="urn:www.ird.govt.nz/GWS:types/Employment">
                  <statusMessage xmlns="urn:www.ird.govt.nz/GWS:types/Common.v1">
                     <statusCode>0</statusCode>
                     <errorMessage/>
                  </statusMessage>
                  <responseBody>
                     <listResponse>
                        <employee>
                           <employeeIRD>123114116</employeeIRD>
                           <employeeName>
                              <nameFirst>Test</nameFirst>
                              <nameSurname>User1</nameSurname>
                           </employeeName>
                           <employeeNameOnEILine>Marie Billou</employeeNameOnEILine>
                           <taxCodes>
                              <taxCode>MSL</taxCode>
                              <taxCode>SLBOR</taxCode>
                           </taxCodes>
                        </employee>
                        <employee>
                           <employeeIRD>123059638</employeeIRD>
                           <employeeName>
                              <nameFirst>Test</nameFirst>
                              <nameSurname>User2</nameSurname>
                           </employeeName>
                           <employeeNameOnEILine>Pierre Bon</employeeNameOnEILine>
                           <taxCodes>
                              <taxCode>ME</taxCode>
                           </taxCodes>
                           <employmentStartDate>2015-05-25</employmentStartDate>
                        </employee>
                        <employee>
                           <employeeIRD>123028376</employeeIRD>
                           <employeeName>
                              <nameFirst>Test</nameFirst>
                              <nameSurname>User3</nameSurname>
                           </employeeName>
                           <employeeNameOnEILine>Josh Hornett</employeeNameOnEILine>
                           <taxCodes>
                              <taxCode>SBSL</taxCode>
                              <taxCode>SLBOR</taxCode>
                              <taxCode>SLCIR</taxCode>
                           </taxCodes>
                           <employmentStartDate>2016-06-03</employmentStartDate>
                        </employee>
                        <employee>
                           <employeeIRD>123097394</employeeIRD>
                           <employeeName>
                              <nameFirst>Test</nameFirst>
                              <nameSurname>User4</nameSurname>
                           </employeeName>
                           <employeeNameOnEILine>Marc Just</employeeNameOnEILine>
                           <taxCodes>
                              <taxCode>ND</taxCode>
                           </taxCodes>
                           <employeeDateOfBirth>1990-09-01</employeeDateOfBirth>
                           <employmentStartDate>2016-07-04</employmentStartDate>
                        </employee>
                        <employee>
                           <employeeIRD>123081641</employeeIRD>
                           <employeeName>
                              <nameFirst>Test</nameFirst>
                              <nameSurname>User5</nameSurname>
                           </employeeName>
                           <employeeNameOnEILine>Justine Henin</employeeNameOnEILine>
                           <taxCodes>
                              <taxCode>M</taxCode>
                           </taxCodes>
                           <employeeDateOfBirth>1990-09-01</employeeDateOfBirth>
                           <employmentStartDate>2016-07-04</employmentStartDate>
                           <employmentFinishDate>2018-11-09</employmentFinishDate>
                        </employee>
                     </listResponse>
                  </responseBody>
               </retrieveListResponse>
            </b:RetrieveListResponseWrapper>
         </RetrieveListResult>
      </RetrieveListResponse>
   </s:Body>
</s:Envelope>