<?xml version="1.0"?>
<Customers xmlns:xsd="http://www.w3.org/2001/XMLSchema" xmlns:xsi="http://www.w3.org/2001/XMLSchema-instance" RetrievedDate="2019-09-09T10:28:30.14">
  <Customer ID="132349959" IDType="IRD">
    <ClientList ListID="" ListIDType="">
      <Account Type="INC" FilingFrequency="ITN03C" ID="132-349-959-INC002" Commence="2018-04-01" Cease="9999-12-31">
        <Period FilingPeriod="2020-03-31" FilingFrequency="ITN03C" Begin="2019-04-01" End="2020-03-31">
          <returnStatus>
            <status code="OPRCD">Ontime-processed</status>
            <submissionKey>293343232</submissionKey>
            <majorFormType>INC</majorFormType>
            <minorFormType>4</minorFormType>
          </returnStatus>
          <returnStatus>
            <status code="OPRCD">Ontime-processed</status>
            <submissionKey>24907776</submissionKey>
            <majorFormType>INC</majorFormType>
            <minorFormType>4J</minorFormType>
          </returnStatus>
          <returnStatus>
            <status code="OPRCD">Ontime-processed</status>
            <submissionKey>2122059776</submissionKey>
            <majorFormType>INC</majorFormType>
            <minorFormType>10</minorFormType>
          </returnStatus>
          <returnStatus>
            <status code="OPRCD">Ontime-processed</status>
            <submissionKey>561778688</submissionKey>
            <majorFormType>INC</majorFormType>
            <minorFormType>44E</minorFormType>
          </returnStatus>
          <returnStatus>
            <status code="OPRCD">Ontime-processed</status>
            <submissionKey>1098649600</submissionKey>
            <majorFormType>INC</majorFormType>
            <minorFormType>CFC</minorFormType>
          </returnStatus>
        </Period>
      </Account>
    </ClientList>
  </Customer>
  <Customer ID="132349991" IDType="IRD">
    <ClientList ListID="" ListIDType="">
      <Account Type="INC" FilingFrequency="ITN03E" ID="132-349-991-INC002" Commence="2018-04-01" Cease="9999-12-31">
        <Period FilingPeriod="2020-03-31" FilingFrequency="ITN03E" Begin="2019-04-01" End="2020-03-31">
          <returnStatus>
            <status code="OPRCD">Ontime-processed</status>
            <submissionKey>1853624320</submissionKey>
            <majorFormType>INC</majorFormType>
            <minorFormType>6</minorFormType>
          </returnStatus>
          <returnStatus>
            <status code="OPRCD">Ontime-processed</status>
            <submissionKey>1048317952</submissionKey>
            <majorFormType>INC</majorFormType>
            <minorFormType>3R</minorFormType>
          </returnStatus>
          <returnStatus>
            <status code="OPRCD">Ontime-processed</status>
            <submissionKey>511447040</submissionKey>
            <majorFormType>INC</majorFormType>
            <minorFormType>833</minorFormType>
          </returnStatus>
        </Period>
      </Account>
    </ClientList>
  </Customer>
  <Customer ID="132350019" IDType="IRD">
    <ClientList ListID="" ListIDType="">
      <Account Type="INC" FilingFrequency="ITN03L" ID="132-350-019-INC002" Commence="2018-04-01" Cease="9999-12-31">
        <Period FilingPeriod="2020-03-31" FilingFrequency="ITN03L" Begin="2019-04-01" End="2020-03-31">
          <returnStatus>
            <status code="OPRCG">Ontime-processing</status>
            <submissionKey>1903955968</submissionKey>
            <majorFormType>INC</majorFormType>
            <minorFormType>7</minorFormType>
            <additionalInfo code="RTNERE">Generic error with the return.</additionalInfo>
          </returnStatus>
        </Period>
      </Account>
    </ClientList>
  </Customer>
  <Customer ID="132350000" IDType="IRD">
    <ClientList ListID="" ListIDType="">
      <Account Type="INC" FilingFrequency="ITN03S" ID="132-350-000-INC002" Commence="2018-04-01" Cease="9999-12-31">
        <Period FilingPeriod="2020-03-31" FilingFrequency="ITN03S" Begin="2019-04-01" End="2020-03-31">
          <returnStatus>
            <status code="OPRCD">Ontime-processed</status>
            <submissionKey>695996416</submissionKey>
            <majorFormType>INC</majorFormType>
            <minorFormType>9</minorFormType>
          </returnStatus>
        </Period>
      </Account>
    </ClientList>
  </Customer>
  <Customer ID="132349940" IDType="IRD">
    <ClientList ListID="" ListIDType="">
      <Account Type="INC" FilingFrequency="IIT03I" ID="132-349-940-INC002" Commence="2018-04-01" Cease="9999-12-31">
        <Period FilingPeriod="2020-03-31" FilingFrequency="IIT03I" Begin="2019-04-01" End="2020-03-31">
          <returnStatus>
            <status code="OPRCD">Ontime-processed</status>
            <submissionKey>1367085056</submissionKey>
            <majorFormType>INC</majorFormType>
            <minorFormType>3</minorFormType>
          </returnStatus>
        </Period>
      </Account>
    </ClientList>
  </Customer>
  <Customer ID="132350027" IDType="IRD">
    <ClientList ListID="" ListIDType="">
      <Account Type="INC" FilingFrequency="IIT03I" ID="132-350-027-INC002" Commence="2018-04-01" Cease="9999-12-31">
        <Period FilingPeriod="2020-03-31" FilingFrequency="IIT03I" Begin="2019-04-01" End="2020-03-31">
          <returnStatus>
            <status code="EXP">Expected</status>
            <submissionKey>0</submissionKey>
            <majorFormType>INC</majorFormType>
          </returnStatus>
        </Period>
      </Account>
    </ClientList>
  </Customer>
</Customers>